{
  "pools": [{
    "name": "main",
    "rolls": 1,
    "entries": [
      {
        "type": "item",
        "name": "minecraft:glass_bottle",
        "functions": [{ "function": "set_count", "count": { "min": 1, "max": 6 } }]
      },
      {
        "type": "item",
        "name": "minecraft:potion",
        "functions": [{
          "function": "set_data",
          "data": 0
        }]
      },
      {
        "type": "item",
        "name": "minecraft:sugar",
        "functions": [{ "function": "set_count", "count": { "min": 1, "max": 5 } }]
      },
      {
        "type": "item",
        "name": "minecraft:spider_eye",
        "functions": [{ "function": "set_count", "count": { "min": 1, "max": 3 } }]
      },
      {
        "type": "item",
        "name": "minecraft:ghast_tear"
      },
      {
        "type": "item",
        "name": "minecraft:magma_cream",
        "functions": [{ "function": "set_count", "count": { "min": 1, "max": 2 } }]
      },
      {
        "type": "item",
        "name": "minecraft:fermented_spider_eye"
      },
      {
        "type": "item",
        "name": "minecraft:speckled_melon",
        "functions": [{ "function": "set_count", "count": { "min": 1, "max": 2 } }]
      },
      {
        "type": "item",
        "name": "minecraft:blaze_powder",
        "functions": [{ "function": "set_count", "count": { "min": 1, "max": 3 } }]
      },
      {
        "type": "item",
        "name": "minecraft:paper",
        "functions": [{ "function": "set_count", "count": { "min": 1, "max": 6 } }]
      }
    ]
  }]
}