{
  "pools": [{
    "name": "main",
    "rolls": 1,
    "entries": [
      {
        "type": "item",
        "name": "minecraft:golden_helmet",
        "functions": [{
          "function": "enchant_with_levels",
          "treasure": true,
          "levels": 18
        }]
      },
      {
        "type": "item",
        "entryName": "speed 2",
        "name": "minecraft:potion",
        "functions": [{
          "function": "set_data",
          "data": 16
        }]
      },
      {
        "type": "item",
        "entryName": "regen 2",
        "name": "minecraft:potion",
        "functions": [{
          "function": "set_data",
          "data": 30
        }]
      },
      {
        "type": "item",
        "entryName": "splash heal",
        "name": "minecraft:splash_potion",
        "functions": [{
          "function": "set_data",
          "data": 22
        }]
      },
      {
        "type": "item",
        "entryName": "splash dmg 2",
        "name": "minecraft:splash_potion",
        "functions": [{
          "function": "set_data",
          "data": 24
        }]
      },
      {
        "type": "item",
        "name": "cy_tforest:transform_powder",
        "functions": [{ "function": "set_count", "count": { "min": 1, "max": 12 } }]
      },
      {
        "type": "item",
        "name": "cy_tforest:twilight_item_lifecharm1"
      },
      {
        "type": "item",
        "name": "cy_tforest:twilight_item_keepingchanrm1"
      }
    ]
  }]
}