{
  "pools": [{
    "name": "main",
    "rolls": 1,
    "entries": [
      {
        "type": "item",
        "name": "minecraft:golden_axe",
        "functions": [{
          "function": "enchant_with_levels",
          "treasure": true,
          "levels": 20
        }]
      },
      {
        "type": "item",
        "name": "minecraft:ender_pearl"
      },
      {
        "type": "item",
        "name": "minecraft:obsidian",
        "functions": [{ "function": "set_count", "count": { "min": 1, "max": 4 } }]
      },
      {
        "type": "item",
        "name": "minecraft:diamond"
      },
      {
        "type": "item",
        "name": "cy_tforest:twilight_item_moonwormqueen"
      },
      {
        "type": "item",
        "name": "cy_tforest:twilight_item_peacockfan"
      }
    ]
  }]
}