{
  "pools": [{
    "name": "main",
    "rolls": 1,
    "entries": [
      {
        "type": "item",
        "entryName": "lvl10",
        "name": "minecraft:golden_sword",
        "functions": [{
          "function": "enchant_with_levels",
          "levels": 10
        }]
      },
      {
        "type": "item",
        "entryName": "lvl7",
        "name": "minecraft:golden_sword",
        "functions": [{
          "function": "enchant_with_levels",
          "levels": 7
        }]
      },
      {
        "type": "item",
        "name": "minecraft:potion",
        "functions": [{
          "function": "set_data",
          "data": 16
        }]
      },
      {
        "type": "item",
        "entryName": "health",
        "name": "minecraft:potion",
        "functions": [{
          "function": "set_data",
          "data": 22
        }]
      },
      {
        "type": "item",
        "entryName": "fire",
        "name": "minecraft:potion",
        "functions": [{
          "function": "set_data",
          "data": 14
        }]
      },
      {
        "type": "item",
        "entryName": "damage",
        "name": "minecraft:potion",
        "functions": [{
          "function": "set_data",
          "data": 23
        }]
      }
    ]
  }]
}