{
  "pools": [{
    "name": "main",
    "rolls": 1,
    "entries": [
      {
        "type": "item",
        "name": "cy_tforest:twilight_item_steeleaf",
        "functions": [{ "function": "set_count", "count": { "min": 1, "max": 8 } }]
      },
      {
        "type": "item",
        "name": "minecraft:golden_apple"
      },
      {
        "type": "item",
        "name": "minecraft:blaze_rod",
        "functions": [{ "function": "set_count", "count": { "min": 1, "max": 2 } }]
      }
    ]
  }]
}