{
  "pools": [{
    "name": "main",
    "rolls": 1,
    "entries": [
      {
        "type": "item",
        "name": "minecraft:stick",
        "functions": [{ "function": "set_count", "count": { "min": 1, "max": 12 } }]
      },
      {
        "type": "item",
        "name": "minecraft:coal",
        "functions": [
          { "function": "set_count", "count": { "min": 1, "max": 12 } },
          { "function": "set_data", "data": 1}
        ]
      },
      {
        "type": "item",
        "name": "minecraft:arrow",
        "functions": [{ "function": "set_count", "count": { "min": 1, "max": 12 } }]
      },
      {
        "type": "item",
        "name": "twilightforest:experiment_115",
        "functions": [{ "function": "set_count", "count": { "min": 1, "max": 9 } }]
      },
      {
        "type": "item",
        "name": "minecraft:wool",
        "functions": [{ "function": "set_data", "data": 14 }]
      },
      {
        "type": "item",
        "name": "minecraft:redstone",
        "functions": [{ "function": "set_count", "count": { "min": 1, "max": 6 } }]
      }
    ]
  }]
}