{
  "format_version": "1.10", 
  "minecraft:item": {
    "description": {
      "identifier": "cy_tforest:twilight_axe_minotaurdiamond", 
      "custom_item_type": "weapon", 
      "register_to_create_menu": true
    }, 
    "components": {
      "netease:weapon": {
        "enchantment": 10, 
        "attack_damage": 10, 
        "level": 3, 
        "speed": 8, 
        "type": "hatchet"
      }, 
      "minecraft:max_stack_size": 1, 
      "minecraft:max_damage": 1561
    }
  }
}