{
  "minecraft:item": {
    "description": {
      "identifier": "cy_tforest_twilight_bow_ice_rangedweapon:bow",
      "register_to_create_menu": true,
      "category": "Equipment",
      "custom_item_type": "ranged_weapon"
    },
    "components": {
      "minecraft:use_duration": 72000,
      "minecraft:max_damage": 384,
      "netease:render_offsets": {
        "controller_position_adjust": [
          0.0,
          0.1,
          0.0
        ],
        "controller_rotation_adjust": [
          0.0,
          -45.0,
          0.0
        ],
        "controller_scale": 1
      }
    }
  },
  "format_version": "1.10"
}