{
  "format_version": "1.10",
  "minecraft:item": {
    "description": {
      "identifier": "cy_tforest:twilight_giant_pickaxe",
      "register_to_create_menu":true,
      "custom_item_type": "weapon"
    },
    "components": {
      "minecraft:max_stack_size":1,
      "minecraft:max_damage":1024,
      "netease:weapon":{
        "type": "pickaxe",
        "level": 1,
        "speed": 8,
        "attack_damage":10,
        "enchantment":10
      },
      "netease:show_in_hand": {
        "value": false
      }
    }
  }
}