{
  "format_version": "1.10", 
  "minecraft:item": {
    "description": {
      "identifier": "cy_tforest:twilight_axe_ironwood", 
      "custom_item_type": "weapon", 
      "register_to_create_menu": true
    }, 
    "components": {
      "netease:weapon": {
        "enchantment": 15, 
        "attack_damage": 9, 
        "level": 2, 
        "speed": 6, 
        "type": "hatchet"
      }, 
      "minecraft:max_stack_size": 1, 
      "minecraft:max_damage": 512,
      "minecraft:foil": true
    }
  }
}