{
  "pools": [{
      "name": "main",
      "rolls": 1,
      "entries": [
        {
          "type": "item",
          "name": "minecraft:red_flower",
          "functions": [{ "function": "set_count", "count": { "min": 1, "max": 4 } }]
        },
        {
          "type": "item",
          "name": "minecraft:yellow_flower",
          "functions": [{ "function": "set_count", "count": { "min": 1, "max": 4 } }]
        },
        {
          "type": "item",
          "name": "minecraft:feather",
          "functions": [{ "function": "set_count", "count": { "min": 1, "max": 3 } }]
        },
        {
          "type": "item",
          "name": "minecraft:wheat_seeds",
          "functions": [{ "function": "set_count", "count": { "min": 1, "max": 2 } }]
        },
        {
          "type": "item",
          "name": "minecraft:flint",
          "functions": [{ "function": "set_count", "count": { "min": 1, "max": 2 } }]
        },
        {
          "type": "item",
          "name": "minecraft:cactus",
          "functions": [{ "function": "set_count", "count": { "min": 1, "max": 2 } }]
        },
        {
          "type": "item",
          "name": "minecraft:reeds",
          "functions": [{ "function": "set_count", "count": { "min": 1, "max": 4 } }]
        },
        {
          "type": "item",
          "name": "minecraft:sand",
          "functions": [{ "function": "set_count", "count": { "min": 1, "max": 4 } }]
        },
        {
          "type": "item",
          "name": "minecraft:flower_pot"
        },
        {
          "type": "item",
          "name": "minecraft:dye"
        }
      ]
  }]
}