{
  "pools": [{
      "name": "main",
      "rolls": 1,
      "entries": [
        {
          "type": "item",
          "name": "minecraft:glass_bottle",
          "functions": [{ "function": "set_count", "count": { "min": 1, "max": 6 } }]
        },
        {
          "type": "item",
          "name": "minecraft:potion",
          "functions": [{
            "function": "set_data",
            "data": 0
          }]
        },
        {
          "type": "item",
          "name": "minecraft:ladder",
          "functions": [{ "function": "set_count", "count": { "min": 1, "max": 6 } }]
        },
        {
          "type": "item",
          "name": "minecraft:paper",
          "functions": [{ "function": "set_count", "count": { "min": 1, "max": 6 } }]
        },
        {
          "type": "item",
          "name": "minecraft:bone",
          "functions": [{ "function": "set_count", "count": { "min": 1, "max": 6 } }]
        },
        {
          "type": "item",
          "name": "minecraft:gold_nugget",
          "functions": [{ "function": "set_count", "count": { "min": 1, "max": 6 } }]
        },
        {
          "type": "item",
          "name": "minecraft:clay_ball",
          "functions": [{ "function": "set_count", "count": { "min": 1, "max": 12 } }]
        }
      ]
    }]
}