{
  "pools": [{
       "name": "main", //rare
      "rolls": 1,
      "entries": [
        {
          "type": "item",
          "name": "minecraft:bow",
          "functions": [{
            "function": "enchant_with_levels",
            "levels": 5
          }]
        },
        {
          "type": "item",
          "name": "minecraft:stone_sword",
          "functions": [{
            "function": "enchant_with_levels",
            "levels": 10
          }]
        },
        {
          "type": "item",
          "name": "minecraft:wooden_sword",
          "functions": [{
            "function": "enchant_with_levels",
            "levels": 15
          }]
        },
        {
          "type": "item",
          "name": "minecraft:splash_potion",
          "functions": [{
            "function": "set_data",
            "data": 35
          }]
        },
        {
          "type": "item",
          "entryName": "regen 2",
          "name": "minecraft:potion",
          "functions": [{
            "function": "set_data",
            "data": 30
          }]
        },
        {
          "type": "item",
          "entryName": "health 2",
          "name": "minecraft:potion",
          "functions": [{
            "function": "set_data",
            "data": 22
          }]
        },
        {
          "type": "item",
          "entryName": "speed 2",
          "name": "minecraft:potion",
          "functions": [{
            "function": "set_data",
            "data": 16
          }]
        }
      ]
    }]
}