{
  "pools": [{
      "name": "main", //ultrarare
      "rolls": 1,
      "entries": [
        {
          "type": "item",
          "name": "minecraft:golden_pickaxe",
          "functions": [{
            "function": "enchant_with_levels",
            "treasure": true,
            "levels": 10
          }]
        },
        {
          "type": "item",
          "name": "minecraft:iron_sword",
          "functions": [{
            "function": "enchant_with_levels",
            "treasure": true,
            "levels": 20
          }]
        },
        {
          "type": "item",
          "name": "minecraft:bow",
          "functions": [{
            "function": "enchant_with_levels",
            "treasure": true,
            "levels": 30
          }]
        },
        {
          "type": "item",
          "name": "minecraft:bookshelf",
          "functions": [{ "function": "set_count", "count": { "min": 1, "max": 5 } }]
        },
        {
          "type": "item",
          "name": "minecraft:ender_pearl",
          "functions": [{ "function": "set_count", "count": { "min": 1, "max": 2 } }]
        },
        {
          "type": "item",
          "name": "minecraft:experience_bottle",
          "functions": [{ "function": "set_count", "count": { "min": 1, "max": 6 } }]
        }
      ]
    }]
}