{
  "pools": [{
      "name": "main", //uncommon
      "rolls": 1,
      "entries": [
        {
          "type": "item",
          "name": "minecraft:iron_leggings",
          "functions": [{
            "function": "enchant_with_levels",
            "levels": 5
          }]
        },
        {
          "type": "item",
          "name": "minecraft:fire_charge",
          "functions": [{ "function": "set_count", "count": { "min": 1, "max": 3 } }]
        },
        {
          "type": "item",
          "name": "minecraft:book",
          "functions": [{ "function": "set_count", "count": { "min": 1, "max": 5 } }]
        },
        {
          "type": "item",
          "name": "minecraft:map"
        },
        {
          "type": "item",
          "entryName": "awk",
          "name": "minecraft:potion",
          "functions": [{
            "function": "set_data",
            "data":4
          }]
        },
        {
          "type": "item",
          "entryName": "poison",
          "name": "minecraft:potion",
          "functions": [{
            "function": "set_data",
            "data": 0
          }]
        },
        {
          "type": "item",
          "entryName": "weak",
          "name": "minecraft:potion",
          "functions": [{
            "function": "set_data",
            "data":34
          }]
        }
      ]
    }]
}