{
  "pools": [{
    "name": "main",
    "rolls": 1,
    "entries": [
      {
        "type": "item",
        "name": "minecraft:planks",
        "functions": [
          { "function": "set_count", "count": { "min": 1, "max": 4 } },
          {
            "function": "set_data",
            "data": {
              "min": 0,
              "max": 5
            }
          }
        ]
      },
      {
        "type": "item",
        "name": "minecraft:brown_mushroom",
        "functions": [{ "function": "set_count", "count": { "min": 1, "max": 4 } }]
      },
      {
        "type": "item",
        "name": "minecraft:red_mushroom",
        "functions": [{ "function": "set_count", "count": { "min": 1, "max": 4 } }]
      },
      {
        "type": "item",
        "name": "minecraft:wheat",
        "functions": [{ "function": "set_count", "count": { "min": 1, "max": 4 } }]
      },
      {
        "type": "item",
        "name": "minecraft:string",
        "functions": [{ "function": "set_count", "count": { "min": 1, "max": 4 } }]
      },
      {
        "type": "item",
        "name": "minecraft:stick",
        "functions": [{ "function": "set_count", "count": { "min": 1, "max": 6 } }]
      }
    ]
  }]
}