{
  "pools": [{
    "name": "main",
    "rolls": 1,
    "entries": [
      {
        "type": "item",
        "name": "minecraft:web",
        "functions": [{ "function": "set_count", "count": { "min": 1, "max": 4 } }]
      },
      {
        "type": "item",
        "name": "minecraft:shears"
      },
      {
        "type": "item",
        "name": "minecraft:saddle"
      },
      {
        "type": "item",
        "name": "minecraft:bow"
      },
      {
        "type": "item",
        "name": "minecraft:apple",
        "functions": [{ "function": "set_count", "count": { "min": 1, "max": 2 } }]
      }
    ]
  }]
}