{
  "pools": [{
    "name": "main",
    "rolls": 1,
    "entries": [
      {
        "type": "item",
        "name": "minecraft:melon",
        "functions": [{ "function": "set_count", "count": { "min": 1, "max": 4 } }]
      },
      {
        "type": "item",
        "name": "minecraft:melon_seeds",
        "functions": [{ "function": "set_count", "count": { "min": 1, "max": 4 } }]
      },
      {
        "type": "item",
        "name": "minecraft:pumpkin_seeds",
        "functions": [{ "function": "set_count", "count": { "min": 1, "max": 4 } }]
      },
      {
        "type": "item",
        "name": "minecraft:arrow",
        "functions": [{ "function": "set_count", "count": { "min": 1, "max": 12 } }]
      },
      {
        "type": "item",
        "name": "cy_tforest:twilight_block_firefly",
        "functions": [{ "function": "set_count", "count": { "min": 1, "max": 4 } }]
      }
    ]
  }]
}