{
  "pools": [
    {
      "name": "main",
      "rolls": 1,
      "entries": [
        {
          "type": "item",
          "name": "minecraft:iron_ingot",
          "functions": [
            {
              "function": "set_count",
              "count": {
                "min": 1,
                "max": 9
              }
            }
          ]
        },
        {
          "type": "item",
          "name": "minecraft:emerald",
          "functions": [
            {
              "function": "set_count",
              "count": {
                "min": 1,
                "max": 5
              }
            }
          ]
        },
        {
          "type": "item",
          "name": "cy_tforest:twilight_food_mazewafer",
          "functions": [
            {
              "function": "set_count",
              "count": {
                "min": 1,
                "max": 12
              }
            }
          ]
        },
        {
          "type": "item",
          "name": "cy_tforest:twilight_item_ironwoodingot",
          "functions": [
            {
              "function": "set_count",
              "count": {
                "min": 1,
                "max": 9
              }
            }
          ]
        },
        {
          "type": "item",
          "name": "minecraft:potion",
          "functions": [
            {
              "function": "set_data",
              "data": 30
            }
          ]
        },
        {
          "type": "item",
          "name": "minecraft:potion",
          "functions": [
            {
              "function": "set_data",
              "data": 22
            }
          ]
        },
        {
          "type": "item",
          "name": "minecraft:potion",
          "functions": [
            {
              "function": "set_data",
              "data": 16
            }
          ]
        }
      ]
    }
  ]
}