{
  "pools": [
    {
      "name": "common",
      "rolls": 4,
      "entries": [{
        "type": "loot_table",
        "name": "loot_tables/structures/labyrinth_vault/common.json"
      }]
    },

    {
      "name": "uncommon",
      "rolls": 2,
      "entries": [{
        "type": "loot_table",
        "name": "loot_tables/structures/labyrinth_vault/uncommon.json"
      }]
    },

    {
      "name": "rare",
      "rolls": 1,
      "entries": [{
        "type": "loot_table",
        "name": "loot_tables/structures/labyrinth_vault/rare.json"
      }]
    }
  ]
}