{
  "pools": [{
    "name": "main",
    "rolls": 1,
    "entries": [
      {
        "type": "item",
        "name": "minecraft:emerald_block"
      },
      {
        "type": "item",
        "name": "minecraft:ender_chest"
      },
      {
        "type": "item",
        "name": "cy_tforest:twilight_pickaxe_steeleaf",
        "functions": [{
          "function": "twilightforest:enchant",
          "enchantments": {
            "minecraft:efficiency": 4,
            "minecraft:silk_touch": 1
          }
        }]
      },
      {
        "type": "item",
        "entryName": "sharpknock",
        "name": "cy_tforest:twilight_sword_steeleaf",
        "functions": [{
          "function": "twilightforest:enchant",
          "enchantments": {
            "minecraft:sharpness": 4,
            "minecraft:knockback": 2
          }
        }]
      },
      {
        "type": "item",
        "entryName": "boafire",
        "name": "cy_tforest:twilight_sword_steeleaf",
        "functions": [{
          "function": "twilightforest:enchant",
          "enchantments": {
            "minecraft:bane_of_arthropods": 5,
            "minecraft:fire_aspect": 2
          }
        }]
      },
      {
        "type": "item",
        "name": "cy_tforest:twilight_pickaxe_mazebreaker",
        "functions": [{
          "function": "twilightforest:enchant",
          "enchantments": {
            "minecraft:efficiency": 4,
            "minecraft:unbreaking": 3,
            "minecraft:fortune": 2
          }
        }]
      }
    ]
  }]
}