{
  "pools": [{
    "name": "main",
    "rolls": 1,
    "entries": [
      {
        "type": "item",
        "entryName": "infpunch",
        "name": "minecraft:bow",
        "functions": [{
          "function": "twilightforest:enchant",
          "enchantments": {
            "minecraft:infinity": 1,
            "minecraft:punch": 2
          }
        }]
      },
      {
        "type": "item",
        "entryName": "powerflame",
        "name": "minecraft:bow",
        "functions": [{
          "function": "twilightforest:enchant",
          "enchantments": {
            "minecraft:power": 3,
            "minecraft:flame": 1
          }
        }]
      },
      {
        "type": "item",
        "name": "cy_tforest:twilight_shovel_steeleaf",
        "functions": [{
          "function": "twilightforest:enchant",
          "enchantments": {
            "minecraft:efficiency": 4,
            "minecraft:unbreaking": 2
          }
        }]
      },
      {
        "type": "item",
        "name": "cy_tforest:twilight_axe_steeleaf",
        "functions": [{
          "function": "twilightforest:enchant",
          "enchantments": {
            "minecraft:efficiency": 5
          }
        }]
      },
      {
        "type": "item",
        "name": "cy_tforest:twilight_item_steeleaf",
        "functions": [{ "function": "set_count", "count": { "min": 1, "max": 12 } }]
      },
      {
        "type": "item",
        "name": "cy_tforest:twilight_chestplate_steeleaf",
        "functions": [{
          "function": "twilightforest:enchant",
          "enchantments": {
            "minecraft:protection": 3
          }
        }]
      },
      {
        "type": "item",
        "name": "cy_tforest:twilight_legs_steeleaf",
        "functions": [{
          "function": "twilightforest:enchant",
          "enchantments": {
            "minecraft:fire_protection": 4
          }
        }]
      },
      {
        "type": "item",
        "name": "cy_tforest:twilight_boots_steeleaf",
        "functions": [{
          "function": "twilightforest:enchant",
          "enchantments": {
            "minecraft:protection": 2
          }
        }]
      },
      {
        "type": "item",
        "name": "cy_tforest:twilight_helmet_steeleaf",
        "functions": [{
          "function": "twilightforest:enchant",
          "enchantments": {
            "minecraft:respiration": 3
          }
        }]
      }
    ]
  }]
}