{
  "pools": [{
    "name": "main",
    "rolls": 1,
    "entries": [
      {
        "type": "item",
        "name": "minecraft:red_mushroom",
        "functions": [{ "function": "set_count", "count": { "min": 1, "max": 4 } }]
      },
      {
        "type": "item",
        "name": "minecraft:brown_mushroom",
        "functions": [{ "function": "set_count", "count": { "min": 1, "max": 4 } }]
      },
      {
        "type": "item",
        "name": "minecraft:wheat_seeds",
        "functions": [{ "function": "set_count", "count": { "min": 1, "max": 6 } }]
      },
      {
        "type": "item",
        "name": "minecraft:carrot",
        "functions": [{ "function": "set_count", "count": { "min": 1, "max": 6 } }]
      },
      {
        "type": "item",
        "name": "minecraft:potato",
        "functions": [{ "function": "set_count", "count": { "min": 1, "max": 6 } }]
      },
      {
        "type": "item",
        "name": "minecraft:melon_seeds",
        "functions": [{ "function": "set_count", "count": { "min": 1, "max": 6 } }]
      },
      {
        "type": "item",
        "name": "minecraft:dye",
        "functions": [
          { "function": "set_count", "count": { "min": 1, "max": 12 } },
          { "function": "set_data", "data": 15 }
        ]
      }
    ]
  }]
}