{
  "pools": [
    {
      "name": "common",
      "rolls": 4,
      "entries": [{
        "type": "loot_table",
        "name": "loot_tables/structures/troll_garden/common.json"
      }]
    },

    {
      "name": "uncommon",
      "rolls": 2,
      "entries": [{
        "type": "loot_table",
        "name": "loot_tables/structures/troll_garden/uncommon.json"
      }]
    },

    {
      "name": "rare",
      "rolls": 1,
      "entries": [{
        "type": "loot_table",
        "name": "loot_tables/structures/troll_garden/rare.json"
      }]
    }
  ]
}