{
  "pools": [
    {
      "name": "common",
      "rolls": 4,
      "entries": [{
        "type": "loot_table",
        "name": "loot_tables/cytw_chest/aurora_room/common.json"
      }]
    },

    {
      "name": "uncommon",
      "rolls": 2,
      "entries": [{
        "type": "loot_table",
        "name": "loot_tables/cytw_chest/aurora_room/uncommon.json"
      }]
    },

    {
      "name": "rare",
      "rolls": 1,
      "entries": [{
          "type": "loot_table",
          "name": "loot_tables/cytw_chest/aurora_room/rare.json"
      }]
    }
  ]
}