{
  "pools": [{
    "name": "main",
    "rolls": 1,
    "entries": [
      {
        "type": "item",
        "name": "cy_tforest_twilight_bow_ice_rangedweapon:bow"
//        "functions": [{
//          "function": "enchant_with_levels",
//          "treasure": true,
//          "levels": 30
//        }]
      },
      {
        "type": "item",
        "name": "cy_tforest_twilight_bow_ender_rangedweapon:bow"
//        "functions": [{
//          "function": "enchant_with_levels",
//          "treasure": true,
//          "levels": 5
//        }]
      },
      {
        "type": "item",
        "name": "cy_tforest:twilight_sword_ice",
        "functions": [{
          "function": "enchant_with_levels",
          "treasure": true,
          "levels": 25
        }]
      },
      {
        "type": "item",
        "name": "cy_tforest:twilight_sword_glass",
        "functions": [{
          "function": "enchant_with_levels",
          "treasure": true,
          "levels": 20
        }]
      }
    ]
  }]
}