{
  "pools": [{
    "name": "main",
    "rolls": 1,
    "entries": [
      {
        "type": "item",
        "name": "cy_tforest:twilight_item_arcticfur",
        "functions": [{ "function": "set_count", "count": { "min": 1, "max": 6 } }]
      },
      {
        "type": "item",
        "name": "cy_tforest:twilight_legs_arctic"
      },
      {
        "type": "item",
        "name": "cy_tforest:twilight_chestplate_arctic"
      },
      {
        "type": "item",
        "name": "cy_tforest:twilight_helmet_arctic"
      },
      {
        "type": "item",
        "name": "cy_tforest:twilight_boots_arctic"
      },
      {
        "type": "item",
        "name": "cy_tforest:twilight_chestplate_knightly"
      },
      {
        "type": "item",
        "name": "cy_tforest:twilight_sword_knightly"
      },
      {
        "type": "item",
        "name": "cy_tforest:twilight_item_lifecharm1"
      }
    ]
  }]
}