{
  "pools": [{
    "name": "main",
    "rolls": 1,
    "entries": [
      {
        "type": "item",
        "entryName": "boa",
        "name": "minecraft:enchanted_book",
        "functions": [{
          "function": "twilightforest:enchant",
          "enchantments": {
            "minecraft:bane_of_arthropods": 4
          }
        }]
      },
      {
        "type": "item",
        "entryName": "sharp",
        "name": "minecraft:enchanted_book",
        "functions": [{
          "function": "twilightforest:enchant",
          "enchantments": {
            "minecraft:sharpness": 4
          }
        }]
      },
      {
        "type": "item",
        "entryName": "smite",
        "name": "minecraft:enchanted_book",
        "functions": [{
          "function": "twilightforest:enchant",
          "enchantments": {
            "minecraft:smite": 4
          }
        }]
      },
      {
        "type": "item",
        "entryName": "unbreaking",
        "name": "minecraft:enchanted_book",
        "weight": 2,
        "functions": [{
          "function": "twilightforest:enchant",
          "enchantments": {
            "minecraft:unbreaking": 2
          }
        }]
      },
      {
        "type": "item",
        "entryName": "prot",
        "name": "minecraft:enchanted_book",
        "functions": [{
          "function": "twilightforest:enchant",
          "enchantments": {
            "minecraft:protection": 3
          }
        }]
      },
      {
        "type": "item",
        "entryName": "projprot",
        "name": "minecraft:enchanted_book",
        "functions": [{
          "function": "twilightforest:enchant",
          "enchantments": {
            "minecraft:projectile_protection": 3
          }
        }]
      },
      {
        "type": "item",
        "entryName": "ff",
        "name": "minecraft:enchanted_book",
        "functions": [{
          "function": "twilightforest:enchant",
          "enchantments": {
            "minecraft:feather_falling": 3
          }
        }]
      }
    ]
  }]
}