{
  "pools": [{
    "name": "main",
    "rolls": 1,
    "entries": [
      {
        "type": "item",
        "name": "minecraft:bucket"
      },
      {
        "type": "item",
        "name": "minecraft:iron_ingot",
        "functions": [{ "function": "set_count", "count": { "min": 1, "max": 6 } }]
      },
      {
        "type": "item",
        "name": "cy_tforest:twilight_item_ironwoodingot",
        "functions": [{ "function": "set_count", "count": { "min": 1, "max": 6 } }]
      },
      {
        "type": "item",
        "name": "cy_tforest:twilight_block_firefly",
        "functions": [{ "function": "set_count", "count": { "min": 1, "max": 5 } }]
      },
      {
        "type": "item",
        "name": "cy_tforest:twilight_item_keepingchanrm1"
      },
      {
        "type": "item",
        "name": "cy_tforest:twilight_item_armorshard",
        "functions": [{ "function": "set_count", "count": { "min": 1, "max": 3 } }]
      }
    ]
  }]
}