{
  "pools": [{
    "name": "main",
    "rolls": 1,
    "entries": [
      {
        "type": "item",
        "name": "cy_tforest:twilight_sword_knightly",
        "functions": [{
          "function": "enchant_with_levels",
          "treasure": true,
          "levels": 20
        }]
      },
      {
        "type": "item",
        "name": "cy_tforest:twilight_pickaxe_knightly",
        "functions": [{
          "function": "enchant_with_levels",
          "treasure": true,
          "levels": 20
        }]
      },
      {
        "type": "item",
        "name": "cy_tforest:twilight_axe_knightly",
        "functions": [{
          "function": "enchant_with_levels",
          "treasure": true,
          "levels": 20
        }]
      }
    ]
  }]
}