{
  "pools": [
    {
      "name": "common",
      "rolls": 4,
      "entries": [{
        "type": "loot_table",
        "name": "loot_tables/structures/stronghold_boss/common.json"
      }]
    }, {
      "name": "uncommon",
      "rolls": 2,
      "entries": [{
        "type": "loot_table",
        "name": "loot_tables/structures/stronghold_boss/uncommon.json"
      }]
    }, {
      "name": "rare",
      "rolls": 1,
      "entries": [{
        "type": "loot_table",
        "name": "loot_tables/structures/stronghold_boss/rare.json"
      }]
    }, {
      "name": "trophy",
      "rolls": 1,
      "entries": [{
        "type": "loot_table",
        "name": "loot_tables/structures/stronghold_boss/trophy.json"
      }]
    }, {
      "name": "shader",
      "rolls": 1,
      "conditions": [{ "condition": "twilightforest:mod_exists", "mod_id": "immersiveengineering" }],
      "entries": [{
        "type": "item",
        "name": "cy_tforest:twilight_item_knightmetalingot",
        "functions": [{
          "function": "twilightforest:item_or_default",
          "item": "twilightforest:shader",
          "default": "twilightforest:knightmetal_ingot"
        }, {
          "function": "set_nbt",
          "tag": "{\"shader_type\":\"Knight Phantom\"}"
        }]
      }]
    }, {
      "name": "shader",
      "rolls": 1,
      "conditions": [{ "condition": "twilightforest:mod_exists", "mod_id": "immersiveengineering" }],
      "entries": [{
        "type": "item",
        "name": "cy_tforest:twilight_item_knightmetalingot",
        "functions": [{
          "function": "twilightforest:item_or_default",
          "item": "twilightforest:shader_bag",
          "default": "twilightforest:knightmetal_ingot"
        }, {
          "function": "set_nbt",
          "tag": "{\"shader_rarity\":\"Twilight\"}"
        }]
      }]
    }
  ]
}