{
  "pools": [{
    "name": "main",
    "rolls": 1,
    "entries": [
      {
        "type": "item",
        "name": "minecraft:iron_ingot",
        "functions": [{ "function": "set_count", "count": { "min": 1, "max": 4 } }]
      },
//      {
//        "type": "item",
//        "name": "twilightforest:experiment_115",
//        "functions": [{ "function": "set_count", "count": { "min": 1, "max": 12 } }]
//      },
      {
        "type": "item",
        "name": "minecraft:gunpowder",
        "functions": [{ "function": "set_count", "count": { "min": 1, "max": 4 } }]
      },
      {
        "type": "item",
        "name": "cy_tforest:twilight_item_ironwoodingot",
        "functions": [{ "function": "set_count", "count": { "min": 1, "max": 4 } }]
      },
      {
        "type": "item",
        "name": "cy_tforest:twilight_block_firefly",
        "functions": [{ "function": "set_count", "count": { "min": 1, "max": 5 } }]
      },
      {
        "type": "item",
        "name": "minecraft:redstone",
        "functions": [{ "function": "set_count", "count": { "min": 1, "max": 12 } }]
      },
      {
        "type": "item",
        "name": "minecraft:glowstone_dust",
        "functions": [{ "function": "set_count", "count": { "min": 1, "max": 12 } }]
      }
    ]
  }]
}