{
  "pools": [
    {
      "name": "key",
      "rolls": 1,
      "entries": [{
        "type": "item",
        "name": "cy_tforest:twilight_item_towerkey"
      }]
    },

    {
      "name": "common",
      "rolls": 4,
      "entries": [{
        "type": "loot_table",
        "name": "loot_tables/cytw_chest/darktower_key/common.json"
      }]
    },

    {
      "name": "uncommon",
      "rolls": 2,
      "entries": [{
        "type": "loot_table",
        "name": "loot_tables/cytw_chest/darktower_key/uncommon.json"
      }]
    },

    {
      "name": "rare",
      "rolls": 1,
      "entries": [{
        "type": "loot_table",
        "name": "loot_tables/cytw_chest/darktower_key/rare.json"
      }]
    }
  ]
}