{
  "pools": [{
    "name": "main",
    "rolls": 1,
    "entries": [
      {
        "type": "item",
        "name": "cy_tforest:twilight_item_lifecharm1"
      },
      {
        "type": "item",
        "entryName": "ff",
        "name": "minecraft:enchanted_book",
        "functions": [{
          "function": "enchant_with_levels",
          "treasure": true,
          "levels": 10
        }]
      },
      {
        "type": "item",
        "entryName": "knock",
        "name": "minecraft:enchanted_book",
        "functions": [{
          "function": "enchant_with_levels",
          "treasure": true,
          "levels": 20
        }]
      },
      {
        "type": "item",
        "entryName": "eff",
        "name": "minecraft:enchanted_book",
        "functions": [{
          "function": "enchant_with_levels",
          "treasure": true,
          "levels": 15
        }]
      }
    ]
  }]
}