{
    "pools": [
        {
            "rolls": 1,
            "entries": [
                {
                    "type": "item",
                    "name": "cy_tforest:twilight_item_torchberries",
                    "weight": 1,
                   "functions": [
                        {
                            "function": "set_count",
                            "count": {
                                "min": 1,
                                "max": 4
                            }
                        },
                         {
                            "function": "looting_enchant",
                            "count": {
                                "min": 0,
                                "max": 2
                            }
                        }]
                }
            ]
        }
	]
}