{
  "pools": [
    {
      "conditions": [
        {
          "condition": "random_chance_with_looting",
          "chance": 0.005,
          "looting_multiplier": 0.02
        }
      ],
      "rolls": 1,
      "entries": [
        {
          "type": "item",
          "name": "cy_tforest:twilight_item_magicbeans",
          "weight": 1,
          "functions": [
            {
              "function": "set_count",
              "count": {
                "min": 1,
                "max": 1
              }
            }
          ]
        }
      ]
    }
  ]
}