{
  "pools": [{
    "name": "main",
    "rolls": 1,
    "entries": [
      {
        "type": "item",
        "name": "minecraft:coal",
        "functions": [{ "function": "set_count", "count": { "min": 1, "max": 32 } }]
      },
      {
        "type": "item",
        "name": "cy_tforest:twilight_item_torchberries",
        "functions": [{ "function": "set_count", "count": { "min": 1, "max": 16 } }]
      },
      {
        "type": "item",
        "name": "minecraft:emerald",
        "functions": [{ "function": "set_count", "count": { "min": 1, "max": 6 } }]
      }
    ]
  }]
}