{
  "pools": [
    {
      "name": "common",
      "rolls": 4,
      "entries": [
        {
          "type": "loot_table",
          "name": "oot_tables/structures/useless.json",
          "weight": 25
        },
        {
          "type": "loot_table",
          "name": "oot_tables/structures/basement/common.json",
          "weight": 75
        }
      ]
    },

    {
      "name": "uncommon",
      "rolls": 2,
      "entries": [{
        "type": "loot_table",
        "name": "oot_tables/structures/basement/uncommon.json"
      }]
    },

    {
      "name": "rare",
      "rolls": 1,
      "entries": [
        {
          "type": "loot_table",
          "name": "oot_tables/structures/basement/ultrarare.json",
          "weight": 25
        },
        {
          "type": "loot_table",
          "name": "oot_tables/structures/basement/rare.json",
          "weight": 75
        }
      ]
    }
  ]
}