{
  "pools": [{
    "name": "main",
    "rolls": 1,
    "entries": [
      {
        "type": "item",
        "name": "minecraft:potion",
        "functions": [{
          "function": "set_data",
          "data": 0
        }]
      },
      {
        "type": "item",
        "name": "minecraft:rotten_flesh",
        "functions": [{ "function": "set_count", "count": { "min": 1, "max": 6 } }]
      },
      {
        "type": "item",
        "name": "minecraft:poisonous_potato",
        "functions": [{ "function": "set_count", "count": { "min": 1, "max": 2 } }]
      },
      {
        "type": "item",
        "name": "minecraft:wheat",
        "functions": [{ "function": "set_count", "count": { "min": 1, "max": 6 } }]
      },
      {
        "type": "item",
        "name": "minecraft:potato",
        "functions": [{ "function": "set_count", "count": { "min": 1, "max": 6 } }]
      },
      {
        "type": "item",
        "name": "minecraft:carrot",
        "functions": [{ "function": "set_count", "count": { "min": 1, "max": 6 } }]
      },
      {
        "type": "item",
        "name": "minecraft:melon",
        "functions": [{ "function": "set_count", "count": { "min": 1, "max": 6 } }]
      },
      {
        "type": "item",
        "name": "minecraft:water_bucket"
      },
      {
        "type": "item",
        "name": "minecraft:torch",
        "functions": [{ "function": "set_count", "count": { "min": 1, "max": 12 } }]
      },
      {
        "type": "item",
        "name": "minecraft:mushroom_stew"
      },
      {
        "type": "item",
        "name": "minecraft:milk_bucket"
      },
      {
        "type": "item",
        "name": "minecraft:melon_seeds",
        "functions": [{ "function": "set_count", "count": { "min": 1, "max": 5 } }]
      }
    ]
  }]
}