{
  "pools": [{
    "name": "main",
    "rolls": 1,
    "entries": [
      {
        "type": "item",
        "name": "minecraft:golden_apple",
        "functions": [{ "function": "set_count", "count": { "min": 1, "max": 2 } }]
      },
      {
        "type": "item",
        "name": "minecraft:golden_carrot",
        "functions": [{ "function": "set_count", "count": { "min": 1, "max": 2 } }]
      },
      {
        "type": "item",
        "name": "minecraft:cake"
      },
      {
        "type": "item",
        "name": "minecraft:boat"
      },
      {
        "type": "item",
        "name": "cy_tforest:twilight_block_sapling_rainbow",
      }
    ]
  }]
}