{
  "pools": [{
    "name": "main",
    "rolls": 1,
    "entries": [
      {
        "type": "item",
        "name": "minecraft:bread",
        "functions": [{ "function": "set_count", "count": { "min": 1, "max": 8 } }]
      },
      {
        "type": "item",
        "name": "minecraft:cooked_beef",
        "functions": [{ "function": "set_count", "count": { "min": 1, "max": 6 } }]
      },
      {
        "type": "item",
        "name": "minecraft:cooked_porkchop",
        "functions": [{ "function": "set_count", "count": { "min": 1, "max": 8 } }]
      },
      {
        "type": "item",
        "name": "minecraft:baked_potato",
        "functions": [{ "function": "set_count", "count": { "min": 1, "max": 8 } }]
      },
      {
        "type": "item",
        "name": "minecraft:cooked_chicken",
        "functions": [{ "function": "set_count", "count": { "min": 1, "max": 10 } }]
      },
      {
        "type": "item",
        "name": "minecraft:cooked_fish",
        "functions": [{ "function": "set_count", "count": { "min": 1, "max": 8 } }]
      }
    ]
  }]
}