{
  "pools": [
    {
      "rolls": 1,
      "entries": [
        {
          "type": "item",
          "name": "cy_tforest:twilight_item_alphayetifur",
          "weight": 1,
          "functions": [
            {
              "function": "set_count",
              "count": 6
            }
          ]
        }
      ]
    },
    {
     "rolls": 1,
      "entries": [
        {
          "type": "item",
          "name": "cy_tforest:twilight_item_icebomb",
          "weight": 1,
          "functions": [
            {
              "function": "set_count",
              "count": 1
            }
//            {
//              "function": "looting_enchant",
//              "count": {
//                "min": 0,
//                "max": 1
//              }
//            }
          ]
        }
      ]
    }
    ]
}