{
  "pools": [
    {
      "rolls": 1,
      "entries": [
        {
          "type": "item",
          "name": "cy_tforest:twilight_helmet_steeleaf",
          "weight": 1,
          "pools": [
            {
              "rolls": 1,
              "entries": [
                {
                  "type": "item",
                  "name": "cy_tforest:twilight_chestplate_steeleaf",
                  "weight": 1,
                  "pools": [
                    {
                      "rolls": 1,
                      "entries": [
                        {
                          "type": "item",
                          "name": "cy_tforest:twilight_sword_steeleaf",
                          "weight": 1
                        }
                      ]
                    }
                  ]
                }
              ]
            }
          ]
        }
      ]
    }
  ]
}