{
  "pools": [
    {
      "rolls": 1,
      "entries": [
        {
          "type": "item",
          "name": "cy_tforest:twilight_boots_ironwood",
          "weight": 1,
          "pools": [
            {
              "rolls": 1,
              "entries": [
                {
                  "type": "item",
                  "name": "cy_tforest:twilight_pickaxe_ironwood",
                  "weight": 1
                }
              ]
            }
          ]
        }
      ]
    }
  ]
}