{
  "pools": [
    {
      "rolls": 1,
      "entries": [
        {
          "type": "item",
          "name": "cy_tforest:twilight_spoils_lich",
          "weight": 1
        }
      ]
    },
    {
      "rolls": 1,
      "entries": [
        {
          "type": "item",
          "name": "cy_tforest:twilight_wand_dusk",
          "weight": 1
        },
        {
          "type": "item",
          "name": "cy_tforest:twilight_vampiric_scepter",
          "weight": 1
        },
        {
          "type": "item",
          "name": "cy_tforest:twilight_shield_scepter",
          "weight": 1
        }
      ]
    },
    {
      "rolls": 1,
      "entries": [
        {
          "type": "item",
          "name": "minecraft:ender_pearl",
          "weight": 1,
          "functions": [
            {
              "function": "set_count",
              "count": {
                "min": 1,
                "max": 4
              }
            },
            {
              "function": "looting_enchant",
              "count": {
                "min": 0,
                "max": 2
              }
            }
          ]
        }
      ]
    },
    {
      "rolls": 1,
      "entries": [
        {
          "type": "item",
          "name": "minecraft:bone",
          "weight": 1,
          "functions": [
            {
              "function": "set_count",
              "count": {
                "min": 6,
                "max": 10
              }
            },
            {
              "function": "looting_enchant",
              "count": {
                "min": 2,
                "max": 4
              }
            }
          ]
        }
      ]
    }
  ]
}