{
  "pools": [
    {
      "rolls": 1,
      "entries": [
        {
          "type": "item",
          "name": "minecraft:iron_helmet",
          "weight": 1,
          "pools": [
            {
              "rolls": 1,
              "entries": [
                {
                  "type": "item",
                  "name": "minecraft:iron_chestplate",
                  "weight": 1,
                  "pools": [
                    {
                      "rolls": 1,
                      "entries": [
                        {
                          "type": "item",
                          "name": "minecraft:iron_leggings",
                          "weight": 1,
                          "pools": [
                            {
                              "rolls": 1,
                              "entries": [
                                {
                                  "type": "item",
                                  "name": "minecraft:iron_boots",
                                  "weight": 1,
                                  "pools": [
                                    {
                                      "rolls": 1,
                                      "entries": [
                                        {
                                          "type": "item",
                                          "name": "minecraft:iron_sword",
                                          "weight": 1
                                        }
                                      ]
                                    }
                                  ]
                                }
                              ]
                            }
                          ]
                        }
                      ]
                    }
                  ]
                }
              ]
            }
          ]
        }
      ]
    }
  ]
}