{
  "pools": [
    {
      "tiers": {
        "initial_range": 2,
        "bonus_rolls": 3,
        "bonus_chance": 0.095
      },
      "entries": [
        {
          "type": "loot_table",
          "name": "loot_tables/entities/cy_tforest_armor_arctic.json"
        },
        {
          "type": "loot_table",
          "name": "loot_tables/entities/cy_tforest_armor_steeleaf.json"
        },
        {
          "type": "loot_table",
          "name": "loot_tables/entities/cy_tforest_armor_ironwood.json"
        },
        {
          "type": "loot_table",
          "name": "loot_tables/entities/cy_tforest_armor_knightly.json"
        }
      ]
    }
  ]
}