{
  "pools": [
    {
      "name": "main",
      "rolls": 1,
      "entries": [
        {
          "type": "item",
          "name": "cy_tforest:twilight_item_mazemapfocus"
        },
        {
          "type": "item",
          "name": "minecraft:tnt",
          "functions": [
            {
              "function": "set_count",
              "count": {
                "min": 1,
                "max": 3
              }
            }
          ]
        },
        {
          "type": "item",
          "name": "minecraft:potion",
          "functions": [
            {
              "function": "set_data",
              "data": 21
            }
          ]
        }
      ]
    }
  ]
}