{
  "pools": [{
    "name": "main",
    "rolls": 1,
    "entries": [
      {
        "type": "item",
        "name": "cy_tforest:twilight_item_steeleaf",
        "functions": [{ "function": "set_count", "count": { "min": 1, "max": 6 } }]
      },
      {
        "type": "item",
        "name": "cy_tforest:twilight_legs_steeleaf"
      },
      {
        "type": "item",
        "name": "cy_tforest:twilight_chestplate_steeleaf"
      },
      {
        "type": "item",
        "name": "cy_tforest:twilight_helmet_steeleaf"
      },
      {
        "type": "item",
        "name": "cy_tforest:twilight_boots_steeleaf"
      },
      {
        "type": "item",
        "name": "cy_tforest:twilight_pickaxe_steeleaf"
      },
      {
        "type": "item",
        "name": "cy_tforest:twilight_chestplate_ironwood"
      },
      {
        "type": "item",
        "name": "cy_tforest:twilight_sword_ironwood"
      },
      {
        "type": "item",
        "name": "cy_tforest:twilight_item_keepingchanrm1"
      }
    ]
  }]
}