{
	"format_version": "1.10.0",
	"minecraft:block": {
		"description": {
			"register_to_creative_menu": true,
			"identifier": "cy_tforest:twilight_dark_wood",
			"is_experimental": false,
			"category": "Custom"
		},
		"components": {
			"minecraft:loot": {
				"table": "loot_tables/blocks/twilight_dark_wood.json"
			},
			"netease:tier": {
				"digger": "hatchet",
				"destroy_special": false,
				"level": 0
			},
			"minecraft:destroy_time": {
				"value": 3
			},
			"netease:solid": {
				"value": true
			},
			"minecraft:flammable": {
				"flame_odds": 5,
				"burn_odds": 5
			},
			"netease:face_directional":{
				"type": "facing_direction"
			},
			"minecraft:map_color": {"color":"#7d5330"}
		}
	}
}