{
  "format_version": "1.11.0",
  "minecraft:block": {
    "description": {
      "register_to_creative_menu": false,
      "identifier": "cy_tforest:twilight_block_castlebrick_violetdoor_on",
      "category": "Custom"
    },
    "components": {
                  "minecraft:loot": {
        "table": "loot_tables/blocks/twilight_block_castlebrick_violetdoor_off.json"
      },
      "minecraft:block_light_absorption": {
        "value": 0
      },
      "minecraft:block_light_emission": {
        "emission": 0
      },
      "netease:redstone": {
        "type": "producer",
        "strength": 10
      },
      "netease:block_entity": {
        "tick": true,
        "movable": false
      },
      			"netease:render_layer": {
				"value": "alpha"
			},
      "netease:tier": {
        "digger": "pickaxe",
        "destroy_special": false
      },
      "minecraft:destroy_time": {
        "value": 250
      },
      "netease:solid": {
        "value": false
      },
      "minecraft:map_color": {
        "color": "#ded5cc"
      },
      "minecraft:explosion_resistance": {
        "value": 3600000
      },
      "netease:aabb": {
        "collision": {
          "max": [
            0,
            0,
            0
          ],
          "min": [
            0,
            0,
            0
          ]
        },
        "clip": {
          "max": [
            0,
            0,
            0
          ],
          "min": [
            0,
            0,
            0
          ]
        }
      }
    }
  }
}