
{
  "format_version": "1.10.0",
  "minecraft:block": {
    "description": {
      "category": "Custom",
      "register_to_creative_menu": true,
      "identifier": "cy_tforest:twilight_block_castlebrick_encasedpillar",
      "is_experimental": false
    },
    "components": {
      "netease:solid": {
        "value": true
      },
      "netease:tier": {
        "digger": "pickaxe",
        "destroy_special": true,
        "level": 0
      },
      "minecraft:loot": {
        "table": "loot_tables/blocks/twilight_block_castlebrick_encasedpillar.json"
      },
      "minecraft:map_color": {
        "color": "#ded5cc"
      },
      "minecraft:destroy_time": {
        "value": 250
      },
      "netease:face_directional":{
        "type": "facing_direction"
      }
    }
  }
}