{
  "format_version": "1.10.0",
  "minecraft:block": {
    "description": {
      "identifier": "cy_tforest:twilight_block_portal",
      "register_to_creative_menu": false,
      "is_experimental": false
    },
   "components": {
     "minecraft:block_light_absorption": {
       "value": 0
     },
     "netease:render_layer": {
       "value": "alpha"
     },
     "netease:solid": {
       "value": false
     },
      "netease:neighborchanged_sendto_script": {
        "value": true
      },
     "netease:aabb": {
        "collision": {
          "max": [
            0,
            0,
            0
          ],
          "min": [
            0.0,
            0.0,
            0.0
          ]
        },
        "clip": {
          "max": [
            1,
            0.8125,
            1
          ],
          "min": [
            0.0,
            0.75,
            0.0
          ]
        }
      }
    }
  }
}