{
  "format_version": "1.10.0",
  "minecraft:block": {
    "description": {
      "register_to_creative_menu": true,
      "identifier": "cy_tforest:twilight_block_vanishing_off",
      "category": "Custom"
    },
    "components": {
      "minecraft:loot": {
        "table": "loot_tables/blocks/twilight_block_vanishing_off.json"
      },
      "minecraft:explosion_resistance": {
        "value": 3600000
      },
      "netease:redstone": {
        "type": "consumer"
      },
      "netease:tier": {
        "digger": "hatchet",
        "destroy_special": false
      },
      "minecraft:destroy_time": {
        "value": 32767
      },
      "netease:solid": {
        "value": true
      },
      "minecraft:map_color": {
        "color": "#ddc484"
      }
    }
  }
}