{
  "format_version": "1.10.0",
  "minecraft:block": {
    "description": {
      "register_to_creative_menu": true,
      "identifier": "cy_tforest:twilight_block_fireflyjar",
      "category": "Custom"
    },
    "components": {
      "minecraft:loot": {
        "table": "loot_tables/blocks/none.json"
      },
      "netease:block_entity": {
        "tick": true,
        "movable": false
      },
      "netease:tier": {
        "digger": "pickaxe",
        "destroy_special": false
      },
      "minecraft:block_light_absorption": {
            "value": 0
      },
      "netease:face_directional": {
        "type": "direction"
      },
      "minecraft:block_light_emission": {
          "emission": 1
      },
      "minecraft:destroy_time": {
        "value": 0
      },
      "netease:solid": {
        "value": false
      },
      "minecraft:map_color": {
        "color": "#9b845f"
      },
      "netease:render_layer": {
        "value": "alpha"
      },
      "minecraft:explosion_resistance": {
        "value": 0
      },
      "netease:aabb": {
	    "collision": [
			{
			  "min": [0.1875, 0, 0.1875],
			  "max": [0.8125,1,0.8125 ]
			}
		],
	    "clip": [
			{
			  "min": [0.1875, 0, 0.1875],
			  "max": [0.8125,1,0.8125 ]
			}
		]
	  }
    }
  }
}