{
  "format_version": "1.10.0",
  "minecraft:block": {
    "description": {
      "identifier": "cy_tforest:twilight_block_questing_ram_spoils_wall",
      "register_to_creative_menu": false,
      "is_experimental": false
    },
   "components": {
     "minecraft:block_light_absorption": {
       "value": 0
     },
     "netease:render_layer": {
       "value": "alpha"
     },
     "netease:solid": {
       "value": false
     },
     "netease:face_directional": {
       "type": "direction"
     },
     "netease:aabb": {
        "collision": {
          "max": [
            0.75,
            0.6875,
            0.75
          ],
          "min": [
            0.25,
            0.1875,
            0.25
          ]
        },
        "clip": {
          "max": [
            0.75,
            0.6875,
            0.75
          ],
          "min": [
            0.25,
            0.1875,
            0.25
          ]
        }
      }
    }
  }
}