{
	"format_version": "1.10.0",
	"minecraft:block": {
		"description": {
			"register_to_creative_menu": true,
			"identifier": "cy_tforest:twilight_block_nagastone_pillar",
			"is_experimental": false,
			"category": "Custom"
		},
		"components": {
			"minecraft:loot": {
				"table": "loot_tables/blocks/twilight_block_nagastone_pillar.json"
			},
			"netease:tier": {
				"digger": "pickaxe",
				"destroy_special": true,
                "level":0
			},
			"minecraft:destroy_time": {
				"value": 7.5
			},
			"netease:solid": {
				"value": true
			},
			"netease:face_directional":{
				"type": "facing_direction"
			},
			"minecraft:map_color": {"color":"#6f796f"}
		}
	}
}