{
  "format_version": "1.10.0",
  "minecraft:block": {
    "description": {
      "register_to_creative_menu": false,
      "identifier": "cy_tforest:twilight_block_reappearing_trans_off",
      "category": "Custom"
    },
    "components": {
      "minecraft:loot": {
        "table": "loot_tables/blocks/twilight_block_reappearing_off.json"
      },
      "minecraft:explosion_resistance": {
        "value": 3600000
      },
      "netease:block_entity": {
        "tick": true,
        "movable": false
      },
      "minecraft:block_light_absorption": {
        "value": 0
      },
      "minecraft:block_light_emission": {
        "emission": 0
      },
      "netease:tier": {
        "digger": "hatchet",
        "destroy_special": false
      },
      "minecraft:destroy_time": {
        "value": 32767
      },
      "netease:solid": {
        "value": false
      },
      "minecraft:map_color": {
        "color": "#ddc484"
      },
      "netease:render_layer": {
        "value": "alpha"
      },
      "netease:pathable": {
        "value": true
      },
      "netease:aabb": {
        "collision": {
          "max": [
            0.0,
            0.0,
            0.0
          ],
          "min": [
            0.0,
            0.0,
            0.0
          ]
        },
        "clip": {
          "max": [
            0.625,
            0.625,
            0.625
          ],
          "min": [
            0.375,
            0.375,
            0.375
          ]
        }
      }
    }
  }
}