{
  "format_version": "1.10.0",
  "minecraft:block": {
    "description": {
      "register_to_creative_menu": false,
      "identifier": "cy_tforest:twilight_block_falsegold",
      "category": "Custom"
    },
    "components": {
      "minecraft:loot": {
        "table": "loot_tables/blocks/none.json"
      },
      "netease:tier": {
        "digger": "pickaxe",
        "destroy_special": true,
        "level": 2
      },
      "minecraft:destroy_time": {
        "value": 15
      },
      "netease:solid": {
        "value": true
      },
      "minecraft:map_color": {
        "color": "#fee048"
      }
    }
  }
}