{
  "format_version": "1.10.0", 
  "minecraft:block": {
    "description": {
      "category": "Custom", 
      "register_to_creative_menu": true, 
      "identifier": "cy_tforest:twilight_block_cobblestone_giant", 
      "is_experimental": false
    }, 
    "components": {
      "netease:solid": {
        "value": true
      }, 
      "netease:tier": {
        "digger": "pickaxe", 
        "destroy_special": true, 
        "level": 1
      }, 
      "minecraft:loot": {
        "table": "loot_tables/blocks/none.json"
      }, 
      "minecraft:map_color": {
        "color": "#888788"
      }, 
      "minecraft:destroy_time": {
        "value": 10
      }
    }
  }
}