{
  "format_version": "1.10.0",
  "minecraft:block": {
    "description": {
      "register_to_creative_menu": false,
      "identifier": "cy_tforest:twilight_block_reappearing_on",
      "category": "Custom"
    },
    "components": {
      "minecraft:loot": {
        "table": "loot_tables/blocks/twilight_block_reappearing_off.json"
      },
      "netease:redstone": {
        "type": "producer",
        "strength": 10
      },
      "netease:block_entity": {
        "tick": true,
        "movable": false
      },
      "netease:tier": {
        "digger": "hatchet",
        "destroy_special": false
      },
      "minecraft:destroy_time": {
        "value": 32767
      },
      "netease:solid": {
        "value": true
      },
      "minecraft:map_color": {
        "color": "#ddc484"
      },
      "minecraft:explosion_resistance": {
        "value": 3600000
      }
    }
  }
}