{
  "format_version": "1.10.0",
  "minecraft:block": {
    "description": {
      "register_to_creative_menu": false,
      "identifier": "cy_tforest:twilight_thorns_1",
      "is_experimental": false,
      "category": "Custom"
    },
    "components": {
      "minecraft:loot": {
        "table": "loot_tables/blocks/twilight_thorns_1.json"
      },
      "netease:block_entity": {
        "tick": true,
        "movable": false
      },
      "netease:tier": {
        "digger": "pickaxe",
        "destroy_special": true,
        "level": 3
      },
      "minecraft:destroy_time": {
        "value": 250
      }
    }
  }
}