{
  "format_version": "1.10.0", 
  "minecraft:block": {
    "description": {
      "category": "Custom", 
      "register_to_creative_menu": false, 
      "identifier": "cy_tforest:twilight_red_leaves", 
      "is_experimental": false
    }, 
    "components": {
      "netease:render_layer": {
				"value": "alpha"
			},
      "netease:solid": {
        "value": true
      }, 
      "netease:tier": {
        "digger": "pickaxe", 
        "destroy_special": true, 
        "level": 0
      }, 
      "minecraft:loot": {
        "table": "loot_tables/blocks/twilight_red_leaves.json"
      }, 
      "minecraft:map_color": {
        "color": "#64260f"
      }, 
      "minecraft:destroy_time": {
        "value": 3
      }
    }
  }
}