{
  "format_version": "1.10.0",
  "minecraft:block": {
    "description": {
      "register_to_creative_menu": true,
      "identifier": "cy_tforest:twilight_block_lockvanishing_off",
      "category": "Custom"
    },
    "components": {
      "minecraft:loot": {
        "table": "loot_tables/blocks/none.json"
      },
      "netease:tier": {
        "digger": "hatchet",
        "destroy_special": false
      },
      "minecraft:destroy_time": {
        "value": 32767
      },
      "netease:solid": {
        "value": true
      },
      "minecraft:map_color": {
        "color": "#ddc484"
      },
      "minecraft:explosion_resistance": {
        "value": 3600000
      }
    }
  }
}