{
  "format_version": "1.10.0",
  "minecraft:block": {
    "description": {
      "register_to_creative_menu": false,
      "identifier": "cy_tforest:twilight_wood_sorting_on",
      "is_experimental": false,
      "category": "Custom"
    },
    "components": {
            "minecraft:block_light_absorption": {
        "value": 0
      },
      "minecraft:block_light_emission": {
        "emission": 1
      },
      "netease:block_entity": {
        "tick": true,
        "movable": true
      },
      "minecraft:loot": {
        "table": "loot_tables/blocks/twilight_sorting_wood.json"
      },
      "netease:tier": {
        "digger": "hatchet",
        "destroy_special": false,
        "level": 0
      },
      "minecraft:destroy_time": {
        "value": 3
      },
      "netease:solid": {
        "value": true
      },
      "minecraft:flammable": {
        "flame_odds": 0,
        "burn_odds": 0
      },
      "minecraft:map_color": {
        "color": "#5e3b1d"
      }
    }
  }
}