{
  "format_version": "1.10.0",
  "minecraft:block": {
    "description": {
      "register_to_creative_menu": true,
      "identifier": "cy_tforest:twilight_block_uberoussoil",
      "is_experimental": false,
      "category": "Custom"
    },
    "components": {
      "minecraft:loot": {
        "table": "loot_tables/blocks/twilight_block_uberoussoil.json"
      },
      "netease:tier": {
        "digger": "shovel",
        "destroy_special": false,
        "level": 0
      },
      "minecraft:destroy_time": {
        "value": 0.75
      },
      "netease:solid": {
        "value": true
      },
      "minecraft:flammable": {
        "flame_odds": 0,
        "burn_odds": 0
      },
      "minecraft:map_color": {
        "color": "#3d200a"
      }
    }
  }
}