{
  "format_version": "1.10.0",
  "minecraft:block": {
    "description": {
      "identifier": "cy_tforest:twilight_block_naga_spoils_northwest",
      "register_to_creative_menu": false,
      "is_experimental": false
    },
    "components": {
      "minecraft:block_light_absorption": {
        "value": 0
      },
      "netease:render_layer": {
        "value": "alpha"
      },
      "netease:solid": {
        "value": false
      },
      "netease:face_directional": {
        "type": "direction"
      },
      "netease:aabb": {
        "collision": {
          "max": [
            0.875,
            0.75,
            0.875
          ],
          "min": [
            0.125,
            0,
            0.125
          ]
        },
        "clip": {
          "max": [
            0.875,
            0.75,
            0.875
          ],
          "min": [
            0.125,
            0,
            0.125
          ]
        }
      }
    }
  }
}