{
  "format_version": "1.10.0",
  "minecraft:block": {
    "description": {
      "register_to_creative_menu": true,
      "identifier": "cy_tforest:twilight_leaf_darkwood",
      "is_experimental": false,
      "category": "Custom"
    },
    "components": {
      "netease:solid": {
        "value": false
      },
            "minecraft:block_light_absorption": {
            "value": 1
        },
      "minecraft:loot": {
        "table": "loot_tables/blocks/twilight_leaf_darkwood.json"
      },
      "netease:tier": {
        "digger": "hatchet",
        "destroy_special": false,
        "level": 3
      },
      "minecraft:destroy_time": {
        "value": 0.3
      },
      "minecraft:flammable": {
        "flame_odds": 10,
        "burn_odds": 10
      },
      "minecraft:map_color": {
        "color": "#376144"
      }
    }
  }
}