{
  "format_version": "1.10.0", 
  "minecraft:block": {
    "description": {
      "category": "Custom", 
      "register_to_creative_menu": true, 
      "identifier": "cy_tforest:twilight_block_towerwood_planks", 
      "is_experimental": false
    }, 
    "components": {
      "netease:solid": {
        "value": true
      }, 
      "netease:tier": {
        "digger": "hatchet", 
        "destroy_special": true, 
        "level": 2
      }, 
      "minecraft:loot": {
        "table": "loot_tables/blocks/twilight_block_towerwood_planks.json"
      }, 
      "minecraft:map_color": {
        "color": "#a6653a"
      }, 
      "minecraft:destroy_time": {
        "value": 250
      },
      "minecraft:explosion_resistance": {
        "value": 2
      }
    }
  }
}