{
  "format_version": "1.10.0", 
  "minecraft:block": {
    "description": {
      "category": "Custom", 
      "register_to_creative_menu": true, 
      "identifier": "cy_tforest:twilight_block_mushgloom_giant", 
      "is_experimental": false
    }, 
    "components": {
      "netease:solid": {
        "value": true
      },
      "minecraft:block_light_absorption": {
            "value": 0
        },
        "minecraft:block_light_emission": {
            "emission": 0.5
        },
      "netease:tier": {
        "digger": "hatchet", 
        "destroy_special": false, 
        "level": 0
      },
      "minecraft:loot": {
        "table": "loot_tables/blocks/twilight_block_mushgloom_giant.json"
      }, 
      "minecraft:map_color": {
        "color": "#e7d680"
      }, 
      "minecraft:destroy_time": {
        "value": 0.3
      }
    }
  }
}