{
  "format_version": "1.10.0",
  "minecraft:block": {
    "description": {
      "register_to_creative_menu": true,
      "identifier": "cy_tforest:twilight_block_ghast_trap_off",
      "category": "Custom"
    },
    "components": {
      "minecraft:loot": {
        "table": "loot_tables/blocks/twilight_block_ghast_trap_off.json"
      },
      "netease:block_entity": {
        "tick": true,
        "movable": false
      },
      "netease:redstone": {
        "type": "consumer"
      },
      "netease:tier": {
        "digger": "pickaxe",
        "destroy_special": false
      },
      "minecraft:destroy_time": {
        "value": 10
      },
      "netease:solid": {
        "value": true
      },
      "minecraft:map_color": {
        "color": "#ded5cc"
      },
      "minecraft:explosion_resistance": {
        "value": 3600000
      }
    }
  }
}