{
  "format_version": "1.10.0",
  "minecraft:block": {
    "description": {
      "category": "Custom",
      "register_to_creative_menu": true,
      "identifier": "cy_tforest:twilight_plant_mushgloom",
      "is_experimental": false
    },
    "components": {
      "netease:solid": {
        "value": false
      },
      "netease:tier": {
        "digger": "hatchet",
        "destroy_special": false,
        "level": 0
      },
      "minecraft:loot": {
        "table": "loot_tables/blocks/none.json"
      },
      "minecraft:block_light_absorption": {
            "value": 0
        },
      "minecraft:block_light_emission": {
          "emission": 0.5
      },
      "minecraft:map_color": {
        "color": "#49a335"
      },
      "minecraft:destroy_time": {
        "value": 0
      },
      "netease:render_layer": {
        "value": "alpha"
      },
      "netease:pathable": {
        "value": false
      },
      		"netease:face_directional": {
			"type": "direction"
		},
      "netease:neighborchanged_sendto_script": {
        "value": true
      },
      "netease:may_place_on": {
        "block": ["minecraft:dirt","minecraft:grass","minecraft:podzol",
                "minecraft:mycelium","cy_tforest:twilight_block_uberoussoil"
        ]
      },
      "minecraft:explosion_resistance": {
            "value": 0.0
      },
      "netease:aabb": {
        "collision": {
          "max": [
            0.0,
            0.0,
            0.0
          ],
          "min": [
            0.0,
            0.0,
            0.0
          ]
        },
        "clip": {
          "max": [
            1,
            0.5,
            1
          ],
          "min": [
            0,
            0,
            0
          ]
        }
      }
    }
  }
}