{
	"format_version": "1.10.0",
	"minecraft:block": {
		"description": {
			"register_to_creative_menu": true,
			"identifier": "cy_tforest:twilight_block_fierymetal",
			"is_experimental": false,
			"category": "Custom"
		},
		"components": {
			"minecraft:loot": {
				"table": "loot_tables/blocks/twilight_block_fierymetal.json"
			},
			"netease:tier": {
				"digger": "hatchet",
				"destroy_special": false
			},
			"minecraft:destroy_time": {
				"value": 1.5
			},
			"netease:solid": {
				"value": true
			},
          "minecraft:flammable": {
				"flame_odds": 100,
				"burn_odds": 0
			},
			"minecraft:map_color": {"color":"#5d2603"}
		}
	}
}