{
  "format_version": "1.10.0",
  "minecraft:block": {
    "description": {
      "register_to_creative_menu": false,
      "identifier": "cy_tforest:twilight_block_cicadatop",
      "category": "Custom"
    },
    "components": {
      "minecraft:loot": {
        "table": "loot_tables/blocks/twilight_block_cicada.json"
      },
//      "netease:block_entity": {
//        "tick": true,
//        "movable": false
//      },
      "netease:tier": {
        "digger": "pickaxe",
        "destroy_special": false
      },
      "netease:neighborchanged_sendto_script":
      {
        "value": true
      },
      "netease:face_directional": {
        "type": "direction"
      },
      "minecraft:block_light_emission": {
          "emission": 1
      },
      "minecraft:destroy_time": {
        "value": 0
      },
      "netease:solid": {
        "value": false
      },
      "netease:random_tick": {
        "enable": true,
        "tick_to_script": true
      },
      "minecraft:map_color": {
        "color": "#5dae30"
      },
      "netease:render_layer": {
        "value": "alpha"
      },
      "minecraft:explosion_resistance": {
        "value": 0
      },
      "netease:aabb": {
	    "collision": [
			{
			  "min": [0,0, 0],
			  "max": [0,0, 0]
			}
		],
	    "clip": [
			{
			  "min": [0.25, 0.875, 0.125],
			  "max": [0.75,1,0.875 ]
			}
		]
	  }
    }
  }
}