{
  "format_version": "1.10.0",
  "minecraft:block": {
    "description": {
      "register_to_creative_menu": false,
      "identifier": "cy_tforest:twilight_block_caminite_reactordebris",
      "category": "Custom"
    },
    "components": {
      "minecraft:block_light_absorption": {
        "value": 0
      },
      "minecraft:block_light_emission": {
        "emission": 0
      },
      "minecraft:loot": {
        "table": "loot_tables/blocks/none.json"
      },
      "netease:block_entity": {
        "tick": true,
        "movable": false
      },
      "netease:tier": {
        "digger": "pickaxe",
        "destroy_special": false
      },
      "minecraft:destroy_time": {
        "value": 32767
      },
      "netease:solid": {
        "value": false
      },
      "netease:render_layer": {
        "value": "alpha"
      },
      "minecraft:map_color": {
        "color": "#c3c3c3"
      },
      "minecraft:explosion_resistance": {
        "value": 3600000
      },
      "netease:aabb": {
        "collision": {
          "max": [
            0,
            0,
            0
          ],
          "min": [
            0,
            0,
            0
          ]
        },
        "clip": {
          "max": [
            0,
            0,
            0
          ],
          "min": [
            0,
            0,
            0
          ]
        }
      }
    }
  }
}