{
  "format_version": "1.10.0", 
  "minecraft:block": {
    "description": {
      "category": "Custom", 
      "register_to_creative_menu": true, 
      "identifier": "cy_tforest:twilight_leaf_giant", 
      "is_experimental": false
    }, 
    "components": {
      "netease:solid": {
        "value": false
      },
            "minecraft:block_light_absorption": {
            "value": 0
        },
      "netease:tier": {
        "digger": "hatchet", 
        "destroy_special": false, 
        "level": 0
      }, 
      "minecraft:loot": {
        "table": "loot_tables/blocks/none.json"
      }, 
      "minecraft:map_color": {
        "color": "#225a09"
      }, 
      "minecraft:destroy_time": {
        "value": 0.3
      },
      "minecraft:flammable": {
	  	"flame_odds": 25,
	  	"burn_odds": 25
	  }
    }
  }
}