{
  "format_version": "1.10.0",
  "minecraft:block": {
    "description": {
      "register_to_creative_menu": true,
      "identifier": "cy_tforest:twilight_block_sapling_twilightoak",
      "is_experimental": false,
      "category": "Custom"
    },
    "components": {
      "minecraft:loot": {
        "table": "loot_tables/blocks/twilight_block_sapling_twilightoak.json"
      },
      "netease:tier": {
        "digger": "hatchet",
        "destroy_special": false,
        "level": 0
      },
      "minecraft:destroy_time": {
        "value": 0
      },
      "netease:solid": {
        "value": false
      },
      "minecraft:flammable": {
        "flame_odds": 30,
        "burn_odds": 30
      },
      "netease:render_layer": {
        "value": "alpha"
      },
      "minecraft:block_light_absorption": {
        "value": 0
      },
      "netease:face_directional": {
        "type": "facing_direction"
      },
      "netease:neighborchanged_sendto_script": {
        "value": true
      },
      "netease:may_place_on": {
        "block": [
          "minecraft:dirt",
          "minecraft:grass",
          "minecraft:podzol",
          "minecraft:mycelium"
        ]
      },
      "netease:random_tick": {
        "enable": true,
        "tick_to_script": true
      },
      "minecraft:explosion_resistance": {
        "value": 0.0
      },
      "minecraft:map_color": {
        "color": "#57ad3f"
      },
      "netease:aabb": {
        "collision": [
          {
            "min": [
              0,
              0,
              0
            ],
            "max": [
              0,
              0,
              0
            ]
          }
        ],
        "clip": [
          {
            "min": [
              0,
              0,
              0
            ],
            "max": [
              1,
              1,
              1
            ]
          }
        ]
      }
    }
  }
}