{
	"format_version": "1.10.0",
	"minecraft:block": {
		"description": {
			"register_to_creative_menu": true,
			"identifier": "cy_tforest:twilight_block_hedge",
			"is_experimental": false,
			"category": "Custom"
		},
		"components": {
			"minecraft:destroy_time": {
				"value":3
			},
			"netease:redstone_property": {
				"value": "break_on_push"
			},
			"minecraft:loot": {
				"table": "loot_tables/blocks/none.json"
			},
          "netease:tier": {
				"digger": "hatchet",
				"destroy_special": true,
				"level": 0
			},
			"minecraft:map_color": {"color":"#1a3113"}
        }
	}
}