{
  "format_version": "1.10.0",
  "minecraft:block": {
    "description": {
      "category": "Custom",
      "register_to_creative_menu": false,
      "identifier": "cy_tforest:twilight_block_thornsburnt2",
      "is_experimental": false
    },
    "components": {
      "netease:solid": {
        "value": true
      },
      "netease:tier": {
        "digger": "hatchet",
        "destroy_special": true,
        "level": 1
      },
      "minecraft:loot": {
        "table": "loot_tables/blocks/none.json"
      },
      "minecraft:block_light_absorption": {
            "value": 0
        },
      "minecraft:map_color": {
        "color": "#79522f"
      },
      "minecraft:destroy_time": {
        "value": 0
      },
      "minecraft:explosion_resistance": {
        "value": 0
      },
      "netease:render_layer": {
        "value": "alpha"
      },
      		"netease:face_directional": {
			"type": "direction"
		},
      "netease:connection": {
		"blocks": ["cy_tforest:twilight_block_thorns",
		    "cy_tforest:twilight_block_thorns2",
			"cy_tforest:twilight_block_thornsgreen",
			"cy_tforest:twilight_block_thornsgreen2",
			"cy_tforest:twilight_block_thornsburnt",
			"cy_tforest:twilight_block_thornsburnt2",
			"cy_tforest:twilight_leaf_thorns"
		]
	  },
      	  "netease:aabb": {
	   	    "collision": [
			{
			  "min": [0.19, 0.19, 0],
			  "max": [0.81,0.81,1 ]
			}
		],
	    "clip": [
			{
			  "min": [0.19, 0.19, 0],
			  "max": [0.81,0.81,1 ]
			}
		]
	  }
    }
  }
}