{
	"format_version": "1.10.0",
	"minecraft:block": {
		"description": {
			"register_to_creative_menu": true,
			"identifier": "cy_tforest:twilight_block_liveroots",
			"is_experimental": false,
			"category": "Custom"
		},
		"components": {
			"minecraft:loot": {
				"table": "loot_tables/blocks/twilight_block_liveroots.json"
			},
			"netease:tier": {
				"digger": "pickaxe",
				"destroy_special": false
			},
			"minecraft:destroy_time": {
				"value":3
			},
			"netease:solid": {
				"value": true
			},
			"minecraft:map_color": {"color":"#241300"}
		}
	}
}