{
  "format_version": "1.10.0", 
  "minecraft:block": {
    "description": {
      "category": "Custom", 
      "register_to_creative_menu": false,
      "identifier": "cy_tforest:twilight_block_aurora_13",
      "is_experimental": false
    }, 
    "components": {
      "netease:solid": {
        "value": true
      }, 
      "netease:tier": {
        "digger": "pickaxe", 
        "destroy_special": false
      }, 
      "minecraft:loot": {
        "table": "loot_tables/blocks/twilight_block_aurora.json"
      }, 
      "minecraft:map_color": {
        "color": "#5255a5"
      }, 
      "minecraft:destroy_time": {
        "value": 4
      }
    }
  }
}