{
	"format_version": "1.10.0",
	"minecraft:block": {
		"description": {
			"register_to_creative_menu": true,
			"identifier": "cy_tforest:twilight_leaf_sorting",
			"is_experimental": false,
			"category": "Custom"
		},
		"components": {
			      "netease:solid": {
        "value": false
      },
			"minecraft:loot": {
				"table": "loot_tables/blocks/twilight_leaf_sorting.json"
			},
			"netease:tier": {
				"digger": "hatchet",
				"destroy_special": false,
				"level": 0
			},
			"minecraft:destroy_time": {
				"value": 0.3
			},
			      "minecraft:block_light_absorption": {
            "value": 0
        },
			"minecraft:flammable": {
				"flame_odds": 25,
				"burn_odds": 25
			},
			"minecraft:map_color": {"color":"#dd0000"}
		}
	}
}