{
  "format_version": "1.10.0",
  "minecraft:block": {
    "description": {
      "register_to_creative_menu": false,
      "identifier": "cy_tforest:twilight_block_antibuilt_on",
      "category": "Custom"
    },
    "components": {
      "minecraft:loot": {
        "table": "loot_tables/blocks/none.json"
      },
      "netease:tier": {
        "digger": "pickaxe",
        "destroy_special": false
      },
      "netease:render_layer": {
        "value": "alpha"
      },
      "minecraft:destroy_time": {
        "value": 10
      },
      "netease:solid": {
        "value": true
      },
      "minecraft:map_color": {
        "color": "#ded5cc"
      },
      "minecraft:explosion_resistance": {
        "value": 3600000
      },
      "minecraft:block_light_absorption": {
        "value": 0
      }
    }
  }
}