{
  "pools": [{
    "name": "main",
    "rolls": 1,
    "entries": [
      {
        "type": "item",
        "name": "cy_tforest:twilight_item_mazemapfocus"
      },
      {
        "type": "item",
        "name": "minecraft:bow",
        "functions": [{
          "function": "enchant_with_levels",
          "treasure": true,
          "levels": 30
        }]
      },
      {
        "type": "item",
        "name": "minecraft:iron_sword",
        "functions": [{
          "function": "enchant_with_levels",
          "treasure": true,
          "levels": 30
        }]
      },
      {
        "type": "item",
        "name": "cy_tforest:twilight_sword_ironwood",
        "functions": [{
          "function": "enchant_with_levels",
          "treasure": true,
          "levels": 25
        }]
      },
      {
        "type": "item",
        "name": "cy_tforest:twilight_sword_steeleaf",
        "functions": [{
          "function": "enchant_with_levels",
          "treasure": true,
          "levels": 20
        }]
      },
      {
        "type": "item",
        "name": "minecraft:diamond_sword",
        "functions": [{
          "function": "enchant_with_levels",
          "treasure": true,
          "levels": 15
        }]
      }
    ]
  }]
}