{
  "pools": [{
    "name": "main",
    "rolls": 1,
    "entries": [
      {
        "type": "item",
        "name": "minecraft:stick",
        "functions": [{ "function": "set_count", "count": { "min": 1, "max": 12 } }]
      },
      {
        "type": "item",
        "name": "minecraft:coal",
        "functions": [{ "function": "set_count", "count": { "min": 1, "max": 12 } }]
      },
      {
        "type": "item",
        "name": "minecraft:arrow",
        "functions": [{ "function": "set_count", "count": { "min": 1, "max": 12 } }]
      },
      {
        "type": "item",
        "name": "cy_tforest:twilight_food_mazewafer",
        "functions": [{ "function": "set_count", "count": { "min": 1, "max": 9 } }]
      },
      {
        "type": "item",
        "name": "minecraft:ice",
        "functions": [{ "function": "set_count", "count": { "min": 1, "max": 4 } }]
      },
      {
        "type": "item",
        "name": "minecraft:packed_ice",
        "functions": [{ "function": "set_count", "count": { "min": 1, "max": 4 } }]
      },
      {
        "type": "item",
        "name": "cy_tforest:twilight_item_ironwoodingot",
        "functions": [{ "function": "set_count", "count": { "min": 1, "max": 2 } }]
      }
    ]
  }]
}