{
  "pools": [{
    "name": "main",
    "rolls": 1,
    "entries": [
      {
        "type": "item",
        "name": "cy_tforest:twilight_item_arcticfur",
        "functions": [{ "function": "set_count", "count": { "min": 1, "max": 8 } }]
      },
      {
        "type": "item",
        "name": "cy_tforest_twilight_bow_ice_rangedweapon:bow"
      },
      {
        "type": "item",
        "name": "cy_tforest_twilight_bow_ender_rangedweapon"
      },
      {
        "type": "item",
        "name": "cy_tforest:twilight_sword_ice"
      }
    ]
  }]
}