{
  "pools": [{
    "name": "main",
    "rolls": 1,
    "entries": [
      {
        "type": "item",
        "entryName": "sharpness",
        "name": "minecraft:enchanted_book",
        "functions": [{
            "function": "enchant_with_levels",
            "treasure": true,
            "levels": 10
          }]
      },
      {
        "type": "item",
        "entryName": "power",
        "name": "minecraft:enchanted_book",
        "functions": [{
            "function": "enchant_with_levels",
            "treasure": true,
            "levels": 10
          }]
      },
      {
        "type": "item",
        "entryName": "punch",
        "name": "minecraft:enchanted_book",
        "functions": [{
            "function": "enchant_with_levels",
            "treasure": true,
            "levels": 10
          }]
      },
      {
        "type": "item",
        "entryName": "unbreaking",
        "name": "minecraft:enchanted_book",
        "weight": 2,
        "functions": [{
            "function": "enchant_with_levels",
            "treasure": true,
            "levels": 10
          }]
      },
      {
        "type": "item",
        "entryName": "infinity",
        "name": "minecraft:enchanted_book",
        "functions": [{
            "function": "enchant_with_levels",
            "treasure": true,
            "levels": 10
          }]
      }
    ]
  }]
}